<?xml version="1.0" encoding="utf-8"?>
<pindata xsi:schemaLocation="http://cypress.com/xsd/cypindata_v2 ../../dtd/cypindata_v2.xsd" device="CY8C4247AZS-M485" package="64-TQFP" xmlns:xsi="http://www.w3.org/2001/XMLSchema-instance" xmlns="http://cypress.com/xsd/cypindata_v2">
  <capabilities>
    <capability name="DIGITAL" value="0x0000000000000001" />
    <capability name="ANALOG" value="0x0000000000000002" />
    <capability name="ROUTABLE" value="0x0000000000000004" />
    <capability name="GPIO" value="0x0000000000000010" />
    <capability name="SIO" value="0x0000000000000020" />
    <capability name="OVTIO" value="0x0000000000000040" />
    <capability name="TRUETOUCH" value="0x0000000000000080" />
    <capability name="DAC_HI_OUT" value="0x0000000000000100" />
    <capability name="ABUF_POS" value="0x0000000000000200" />
    <capability name="ABUF_OUT" value="0x0000000000000400" />
    <capability name="ABUF_NEG" value="0x0000000000000800" />
    <capability name="SWD" value="0x0000000000001000" />
    <capability name="SWO" value="0x0000000000002000" />
    <capability name="JTAG" value="0x0000000000004000" />
    <capability name="JTAG_NTRST" value="0x0000000000008000" />
    <capability name="XRES" value="0x0000000000010000" />
    <capability name="TRACE" value="0x0000000000020000" />
    <capability name="WAKEUP" value="0x0000000000040000" />
    <capability name="I2CWKUP_SDA" value="0x0000000000100000" />
    <capability name="I2CWKUP_SCL" value="0x0000000000200000" />
    <capability name="USB_D_PLUS" value="0x0000000000400000" />
    <capability name="USB_D_MINUS" value="0x0000000000800000" />
    <capability name="ECO_MHZ_XO" value="0x0000000001000000" />
    <capability name="ECO_MHZ_XI" value="0x0000000002000000" />
    <capability name="ECO_32KHZ_XO" value="0x0000000004000000" />
    <capability name="ECO_32KHZ_XI" value="0x0000000008000000" />
    <capability name="DSM_EXT_PIN_ONE" value="0x0000000010000000" />
    <capability name="DSM_EXT_PIN_TWO" value="0x0000000020000000" />
    <capability name="SAR_EXT_PIN" value="0x0000000040000000" />
    <capability name="EXTSYNC" value="0x0000000100000000" />
    <capability name="EXTREJECT" value="0x0000000200000000" />
    <capability name="EXTCLK" value="0x0000000400000000" />
    <capability name="EXT_VREF" value="0x0000000800000000" />
    <capability name="PORT_INTERRUPT" value="0x0000001000000000" />
    <capability name="HOTSWAP" value="0x0000002000000000" />
    <capability name="LCD_COM" value="0x0000004000000000" />
    <capability name="LCD_SEG" value="0x0000008000000000" />
    <capability name="CSD_SHIELD_TANK" value="0x0000010000000000" />
    <capability name="CSD_CMOD" value="0x0000020000000000" />
  </capabilities>
  <pins>
    <pin number="1" name="P1[7]/VREF">
      <pad name="P1[7]" number="38" type="GPIO" portId="1" pinId="7" ioSupplyPin="VDDIO_A" capabilities="0x000000D000000217">
        <ffbterm ffbtype="TCPWM" ffbid="7" term="line_compl" alternative="1" />
        <ffbterm ffbtype="LCD" ffbid="0" term="com" wire="15" />
        <ffbterm ffbtype="LCD" ffbid="0" term="seg" wire="15" />
        <ffbterm ffbtype="OA" ffbid="1" term="vplus" />
      </pad>
      <pad name="VREF" number="39" type="DEDICATED" ioSupplyPin="VDDIO_A" capabilities="0x0000000040000000">
        <ffbterm ffbtype="SARADC" ffbid="0" term="ext_vref" />
      </pad>
    </pin>
    <pin number="2" name="P2[0]">
      <pad name="P2[0]" number="43" type="GPIO" portId="2" pinId="0" ioSupplyPin="VDDIO_A" capabilities="0x000000D000000017">
        <ffbterm ffbtype="TCPWM" ffbid="4" term="line" alternative="1" />
        <ffbterm ffbtype="LCD" ffbid="0" term="com" wire="16" />
        <ffbterm ffbtype="LCD" ffbid="0" term="seg" wire="16" />
        <ffbterm ffbtype="SCB" ffbid="1" term="i2c_scl" alternative="1" />
        <ffbterm ffbtype="SCB" ffbid="1" term="spi_mosi" alternative="2" />
        <ffbterm ffbtype="SCB" ffbid="1" term="mosi_m" alternative="2" />
        <ffbterm ffbtype="SCB" ffbid="1" term="mosi_s" alternative="2" />
        <ffbterm ffbtype="SARMUX" ffbid="0" term="pads" wire="0" />
      </pad>
    </pin>
    <pin number="3" name="P2[1]">
      <pad name="P2[1]" number="44" type="GPIO" portId="2" pinId="1" ioSupplyPin="VDDIO_A" capabilities="0x000000D000000017">
        <ffbterm ffbtype="TCPWM" ffbid="4" term="line_compl" alternative="1" />
        <ffbterm ffbtype="LCD" ffbid="0" term="com" wire="17" />
        <ffbterm ffbtype="LCD" ffbid="0" term="seg" wire="17" />
        <ffbterm ffbtype="SCB" ffbid="1" term="i2c_sda" alternative="1" />
        <ffbterm ffbtype="SCB" ffbid="1" term="spi_miso" alternative="2" />
        <ffbterm ffbtype="SCB" ffbid="1" term="miso_m" alternative="2" />
        <ffbterm ffbtype="SCB" ffbid="1" term="miso_s" alternative="2" />
        <ffbterm ffbtype="SARMUX" ffbid="0" term="pads" wire="1" />
      </pad>
    </pin>
    <pin number="4" name="P2[2]">
      <pad name="P2[2]" number="45" type="GPIO" portId="2" pinId="2" ioSupplyPin="VDDIO_A" capabilities="0x000000D000000017">
        <ffbterm ffbtype="TCPWM" ffbid="5" term="line" alternative="1" />
        <ffbterm ffbtype="LCD" ffbid="0" term="com" wire="18" />
        <ffbterm ffbtype="LCD" ffbid="0" term="seg" wire="18" />
        <ffbterm ffbtype="SCB" ffbid="1" term="spi_clk" alternative="2" />
        <ffbterm ffbtype="SCB" ffbid="1" term="sclk_m" alternative="2" />
        <ffbterm ffbtype="SCB" ffbid="1" term="sclk_s" alternative="2" />
        <ffbterm ffbtype="SARMUX" ffbid="0" term="pads" wire="2" />
      </pad>
    </pin>
    <pin number="5" name="P2[3]">
      <pad name="P2[3]" number="46" type="GPIO" portId="2" pinId="3" ioSupplyPin="VDDIO_A" capabilities="0x000000D000000017">
        <ffbterm ffbtype="TCPWM" ffbid="5" term="line_compl" alternative="1" />
        <ffbterm ffbtype="LCD" ffbid="0" term="com" wire="19" />
        <ffbterm ffbtype="LCD" ffbid="0" term="seg" wire="19" />
        <ffbterm ffbtype="SCB" ffbid="1" term="spi_select" wire="0" alternative="2" />
        <ffbterm ffbtype="SCB" ffbid="1" term="select_m" wire="0" alternative="2" resource="spi_select_0" />
        <ffbterm ffbtype="SCB" ffbid="1" term="select_m" wire="1" alternative="2" resource="spi_select_0" />
        <ffbterm ffbtype="SCB" ffbid="1" term="select_m" wire="2" alternative="2" resource="spi_select_0" />
        <ffbterm ffbtype="SCB" ffbid="1" term="select_m" wire="3" alternative="2" resource="spi_select_0" />
        <ffbterm ffbtype="SCB" ffbid="1" term="select_s" alternative="2" resource="spi_select_0" />
        <ffbterm ffbtype="SARMUX" ffbid="0" term="pads" wire="3" />
      </pad>
    </pin>
    <pin number="6" name="P2[4]">
      <pad name="P2[4]" number="47" type="GPIO" portId="2" pinId="4" ioSupplyPin="VDDIO_A" capabilities="0x000000D000000017">
        <ffbterm ffbtype="TCPWM" ffbid="0" term="line" alternative="1" />
        <ffbterm ffbtype="LCD" ffbid="0" term="com" wire="20" />
        <ffbterm ffbtype="LCD" ffbid="0" term="seg" wire="20" />
        <ffbterm ffbtype="SCB" ffbid="1" term="spi_select" wire="1" alternative="1" />
        <ffbterm ffbtype="SCB" ffbid="1" term="select_m" wire="0" alternative="1" resource="spi_select_1" />
        <ffbterm ffbtype="SCB" ffbid="1" term="select_m" wire="1" alternative="1" resource="spi_select_1" />
        <ffbterm ffbtype="SCB" ffbid="1" term="select_m" wire="2" alternative="1" resource="spi_select_1" />
        <ffbterm ffbtype="SCB" ffbid="1" term="select_m" wire="3" alternative="1" resource="spi_select_1" />
        <ffbterm ffbtype="SARMUX" ffbid="0" term="pads" wire="4" />
      </pad>
    </pin>
    <pin number="7" name="P2[5]">
      <pad name="P2[5]" number="48" type="GPIO" portId="2" pinId="5" ioSupplyPin="VDDIO_A" capabilities="0x000000D000000017">
        <ffbterm ffbtype="TCPWM" ffbid="0" term="line_compl" alternative="1" />
        <ffbterm ffbtype="LCD" ffbid="0" term="com" wire="21" />
        <ffbterm ffbtype="LCD" ffbid="0" term="seg" wire="21" />
        <ffbterm ffbtype="SCB" ffbid="1" term="spi_select" wire="2" alternative="1" />
        <ffbterm ffbtype="SCB" ffbid="1" term="select_m" wire="0" alternative="1" resource="spi_select_2" />
        <ffbterm ffbtype="SCB" ffbid="1" term="select_m" wire="1" alternative="1" resource="spi_select_2" />
        <ffbterm ffbtype="SCB" ffbid="1" term="select_m" wire="2" alternative="1" resource="spi_select_2" />
        <ffbterm ffbtype="SCB" ffbid="1" term="select_m" wire="3" alternative="1" resource="spi_select_2" />
        <ffbterm ffbtype="SARMUX" ffbid="0" term="pads" wire="5" />
      </pad>
    </pin>
    <pin number="8" name="P2[6]">
      <pad name="P2[6]" number="49" type="GPIO" portId="2" pinId="6" ioSupplyPin="VDDIO_A" capabilities="0x000000D000000017">
        <ffbterm ffbtype="TCPWM" ffbid="1" term="line" alternative="1" />
        <ffbterm ffbtype="LCD" ffbid="0" term="com" wire="22" />
        <ffbterm ffbtype="LCD" ffbid="0" term="seg" wire="22" />
        <ffbterm ffbtype="SCB" ffbid="1" term="spi_select" wire="3" alternative="1" />
        <ffbterm ffbtype="SCB" ffbid="1" term="select_m" wire="0" alternative="1" resource="spi_select_3" />
        <ffbterm ffbtype="SCB" ffbid="1" term="select_m" wire="1" alternative="1" resource="spi_select_3" />
        <ffbterm ffbtype="SCB" ffbid="1" term="select_m" wire="2" alternative="1" resource="spi_select_3" />
        <ffbterm ffbtype="SCB" ffbid="1" term="select_m" wire="3" alternative="1" resource="spi_select_3" />
        <ffbterm ffbtype="SARMUX" ffbid="0" term="pads" wire="6" />
      </pad>
    </pin>
    <pin number="9" name="P2[7]">
      <pad name="P2[7]" number="50" type="GPIO" portId="2" pinId="7" ioSupplyPin="VDDIO_A" capabilities="0x000000D000000017">
        <ffbterm ffbtype="TCPWM" ffbid="1" term="line_compl" alternative="1" />
        <ffbterm ffbtype="LCD" ffbid="0" term="com" wire="23" />
        <ffbterm ffbtype="LCD" ffbid="0" term="seg" wire="23" />
        <ffbterm ffbtype="SCB" ffbid="3" term="spi_select" wire="0" alternative="1" />
        <ffbterm ffbtype="SCB" ffbid="3" term="select_m" wire="0" alternative="1" resource="spi_select_0" />
        <ffbterm ffbtype="SCB" ffbid="3" term="select_m" wire="1" alternative="1" resource="spi_select_0" />
        <ffbterm ffbtype="SCB" ffbid="3" term="select_m" wire="2" alternative="1" resource="spi_select_0" />
        <ffbterm ffbtype="SCB" ffbid="3" term="select_m" wire="3" alternative="1" resource="spi_select_0" />
        <ffbterm ffbtype="SCB" ffbid="3" term="select_s" alternative="1" resource="spi_select_0" />
        <ffbterm ffbtype="SARMUX" ffbid="0" term="pads" wire="7" />
      </pad>
    </pin>
    <pin number="10" name="VSSA">
      <pad name="VSSIO_A" number="51" type="GND" ioSupplyPin="VDDIO_A" powerPadNames="VSSIO_A" capabilities="0x0000000000000000" />
    </pin>
    <pin number="11" name="VDDA">
      <pad name="VDDIO_A_1" number="52" type="PWR" ioSupplyPin="VDDIO_A" powerPadNames="VDDIO_A_1" capabilities="0x0000000000000000" />
    </pin>
    <pin number="12" name="P6[0]">
      <pad name="P6[0]" number="53" type="OVTIO" portId="6" pinId="0" ioSupplyPin="VDDIO" capabilities="0x000000F000000053">
        <ffbterm ffbtype="TCPWM" ffbid="4" term="line" />
        <ffbterm ffbtype="SCB" ffbid="3" term="uart_rx" />
        <ffbterm ffbtype="CAN" ffbid="0" term="can_tx_en" />
        <ffbterm ffbtype="LCD" ffbid="0" term="com" wire="48" />
        <ffbterm ffbtype="LCD" ffbid="0" term="seg" wire="48" />
        <ffbterm ffbtype="SCB" ffbid="3" term="i2c_scl" />
        <ffbterm ffbtype="SCB" ffbid="3" term="spi_mosi" />
        <ffbterm ffbtype="SCB" ffbid="3" term="mosi_m" />
        <ffbterm ffbtype="SCB" ffbid="3" term="mosi_s" />
      </pad>
    </pin>
    <pin number="13" name="P6[1]">
      <pad name="P6[1]" number="54" type="OVTIO" portId="6" pinId="1" ioSupplyPin="VDDIO" capabilities="0x000000F000000053">
        <ffbterm ffbtype="TCPWM" ffbid="4" term="line_compl" />
        <ffbterm ffbtype="SCB" ffbid="3" term="uart_tx" />
        <ffbterm ffbtype="CAN" ffbid="0" term="can_rx" />
        <ffbterm ffbtype="LCD" ffbid="0" term="com" wire="49" />
        <ffbterm ffbtype="LCD" ffbid="0" term="seg" wire="49" />
        <ffbterm ffbtype="SCB" ffbid="3" term="i2c_sda" />
        <ffbterm ffbtype="SCB" ffbid="3" term="spi_miso" />
        <ffbterm ffbtype="SCB" ffbid="3" term="miso_m" />
        <ffbterm ffbtype="SCB" ffbid="3" term="miso_s" />
      </pad>
    </pin>
    <pin number="14" name="P6[2]">
      <pad name="P6[2]" number="55" type="OVTIO" portId="6" pinId="2" ioSupplyPin="VDDIO" capabilities="0x000000F000000053">
        <ffbterm ffbtype="TCPWM" ffbid="5" term="line" />
        <ffbterm ffbtype="SCB" ffbid="3" term="uart_cts" />
        <ffbterm ffbtype="CAN" ffbid="0" term="can_tx" />
        <ffbterm ffbtype="LCD" ffbid="0" term="com" wire="50" />
        <ffbterm ffbtype="LCD" ffbid="0" term="seg" wire="50" />
        <ffbterm ffbtype="SCB" ffbid="3" term="spi_clk" />
        <ffbterm ffbtype="SCB" ffbid="3" term="sclk_m" />
        <ffbterm ffbtype="SCB" ffbid="3" term="sclk_s" />
      </pad>
    </pin>
    <pin number="15" name="P6[4]">
      <pad name="P6[4]" number="57" type="OVTIO" portId="6" pinId="4" ioSupplyPin="VDDIO" capabilities="0x000000F000000053">
        <ffbterm ffbtype="TCPWM" ffbid="6" term="line" />
        <ffbterm ffbtype="LCD" ffbid="0" term="com" wire="52" />
        <ffbterm ffbtype="LCD" ffbid="0" term="seg" wire="52" />
        <ffbterm ffbtype="SCB" ffbid="3" term="spi_select" wire="1" />
        <ffbterm ffbtype="SCB" ffbid="3" term="select_m" wire="0" resource="spi_select_1" />
        <ffbterm ffbtype="SCB" ffbid="3" term="select_m" wire="1" resource="spi_select_1" />
        <ffbterm ffbtype="SCB" ffbid="3" term="select_m" wire="2" resource="spi_select_1" />
        <ffbterm ffbtype="SCB" ffbid="3" term="select_m" wire="3" resource="spi_select_1" />
      </pad>
    </pin>
    <pin number="16" name="P6[5]">
      <pad name="P6[5]" number="58" type="OVTIO" portId="6" pinId="5" ioSupplyPin="VDDIO" capabilities="0x000000F000000053">
        <ffbterm ffbtype="TCPWM" ffbid="6" term="line_compl" />
        <ffbterm ffbtype="LCD" ffbid="0" term="com" wire="53" />
        <ffbterm ffbtype="LCD" ffbid="0" term="seg" wire="53" />
        <ffbterm ffbtype="SCB" ffbid="3" term="spi_select" wire="2" />
        <ffbterm ffbtype="SCB" ffbid="3" term="select_m" wire="0" resource="spi_select_2" />
        <ffbterm ffbtype="SCB" ffbid="3" term="select_m" wire="1" resource="spi_select_2" />
        <ffbterm ffbtype="SCB" ffbid="3" term="select_m" wire="2" resource="spi_select_2" />
        <ffbterm ffbtype="SCB" ffbid="3" term="select_m" wire="3" resource="spi_select_2" />
      </pad>
    </pin>
    <pin number="17" name="VSSIO">
      <pad name="VSSIO_0" number="59" type="GND" ioSupplyPin="VDDD" powerPadNames="VSSIO_0" capabilities="0x0000000000000000" />
      <pad name="VSSD_1" number="60" type="GND" ioSupplyPin="VDDIO" powerPadNames="VSSD_1" capabilities="0x0000000000000000" />
      <pad name="VSSD_2" number="61" type="GND" ioSupplyPin="VDDIO" powerPadNames="VSSD_2" capabilities="0x0000000000000000" />
    </pin>
    <pin number="18" name="P3[0]">
      <pad name="P3[0]" number="62" type="GPIO" portId="3" pinId="0" ioSupplyPin="VDDIO" capabilities="0x000000D000000017">
        <ffbterm ffbtype="TCPWM" ffbid="0" term="line" />
        <ffbterm ffbtype="SCB" ffbid="1" term="uart_rx" alternative="1" />
        <ffbterm ffbtype="LCD" ffbid="0" term="com" wire="24" />
        <ffbterm ffbtype="LCD" ffbid="0" term="seg" wire="24" />
        <ffbterm ffbtype="SCB" ffbid="1" term="i2c_scl" alternative="2" />
        <ffbterm ffbtype="SCB" ffbid="1" term="spi_mosi" />
        <ffbterm ffbtype="SCB" ffbid="1" term="mosi_m" />
        <ffbterm ffbtype="SCB" ffbid="1" term="mosi_s" />
      </pad>
    </pin>
    <pin number="19" name="P3[1]">
      <pad name="P3[1]" number="63" type="GPIO" portId="3" pinId="1" ioSupplyPin="VDDIO" capabilities="0x000000D000000017">
        <ffbterm ffbtype="TCPWM" ffbid="0" term="line_compl" />
        <ffbterm ffbtype="SCB" ffbid="1" term="uart_tx" alternative="1" />
        <ffbterm ffbtype="LCD" ffbid="0" term="com" wire="25" />
        <ffbterm ffbtype="LCD" ffbid="0" term="seg" wire="25" />
        <ffbterm ffbtype="SCB" ffbid="1" term="i2c_sda" alternative="2" />
        <ffbterm ffbtype="SCB" ffbid="1" term="spi_miso" />
        <ffbterm ffbtype="SCB" ffbid="1" term="miso_m" />
        <ffbterm ffbtype="SCB" ffbid="1" term="miso_s" />
      </pad>
    </pin>
    <pin number="20" name="P3[2]">
      <pad name="P3[2]" number="64" type="GPIO" portId="3" pinId="2" ioSupplyPin="VDDIO" capabilities="0x000000D000001017">
        <ffbterm ffbtype="TCPWM" ffbid="1" term="line" />
        <ffbterm ffbtype="SCB" ffbid="1" term="uart_cts" alternative="1" />
        <ffbterm ffbtype="LCD" ffbid="0" term="com" wire="26" />
        <ffbterm ffbtype="LCD" ffbid="0" term="seg" wire="26" />
        <ffbterm ffbtype="CPUSS" ffbid="0" term="swd_data" />
        <ffbterm ffbtype="SCB" ffbid="1" term="spi_clk" />
        <ffbterm ffbtype="SCB" ffbid="1" term="sclk_m" />
        <ffbterm ffbtype="SCB" ffbid="1" term="sclk_s" />
      </pad>
    </pin>
    <pin number="21" name="P3[3]">
      <pad name="P3[3]" number="65" type="GPIO" portId="3" pinId="3" ioSupplyPin="VDDIO" capabilities="0x000000D000001017">
        <ffbterm ffbtype="TCPWM" ffbid="1" term="line_compl" />
        <ffbterm ffbtype="SCB" ffbid="1" term="uart_rts" alternative="1" />
        <ffbterm ffbtype="LCD" ffbid="0" term="com" wire="27" />
        <ffbterm ffbtype="LCD" ffbid="0" term="seg" wire="27" />
        <ffbterm ffbtype="CPUSS" ffbid="0" term="swd_clk" />
        <ffbterm ffbtype="SCB" ffbid="1" term="spi_select" wire="0" />
        <ffbterm ffbtype="SCB" ffbid="1" term="select_m" wire="0" resource="spi_select_0" />
        <ffbterm ffbtype="SCB" ffbid="1" term="select_m" wire="1" resource="spi_select_0" />
        <ffbterm ffbtype="SCB" ffbid="1" term="select_m" wire="2" resource="spi_select_0" />
        <ffbterm ffbtype="SCB" ffbid="1" term="select_m" wire="3" resource="spi_select_0" />
        <ffbterm ffbtype="SCB" ffbid="1" term="select_s" resource="spi_select_0" />
      </pad>
    </pin>
    <pin number="22" name="P3[4]">
      <pad name="P3[4]" number="66" type="GPIO" portId="3" pinId="4" ioSupplyPin="VDDIO" capabilities="0x000000D000000017">
        <ffbterm ffbtype="TCPWM" ffbid="2" term="line" />
        <ffbterm ffbtype="LCD" ffbid="0" term="com" wire="28" />
        <ffbterm ffbtype="LCD" ffbid="0" term="seg" wire="28" />
        <ffbterm ffbtype="SCB" ffbid="1" term="spi_select" wire="1" />
        <ffbterm ffbtype="SCB" ffbid="1" term="select_m" wire="0" resource="spi_select_1" />
        <ffbterm ffbtype="SCB" ffbid="1" term="select_m" wire="1" resource="spi_select_1" />
        <ffbterm ffbtype="SCB" ffbid="1" term="select_m" wire="2" resource="spi_select_1" />
        <ffbterm ffbtype="SCB" ffbid="1" term="select_m" wire="3" resource="spi_select_1" />
      </pad>
    </pin>
    <pin number="23" name="P3[5]">
      <pad name="P3[5]" number="67" type="GPIO" portId="3" pinId="5" ioSupplyPin="VDDIO" capabilities="0x000000D000000017">
        <ffbterm ffbtype="TCPWM" ffbid="2" term="line_compl" />
        <ffbterm ffbtype="LCD" ffbid="0" term="com" wire="29" />
        <ffbterm ffbtype="LCD" ffbid="0" term="seg" wire="29" />
        <ffbterm ffbtype="SCB" ffbid="1" term="spi_select" wire="2" />
        <ffbterm ffbtype="SCB" ffbid="1" term="select_m" wire="0" resource="spi_select_2" />
        <ffbterm ffbtype="SCB" ffbid="1" term="select_m" wire="1" resource="spi_select_2" />
        <ffbterm ffbtype="SCB" ffbid="1" term="select_m" wire="2" resource="spi_select_2" />
        <ffbterm ffbtype="SCB" ffbid="1" term="select_m" wire="3" resource="spi_select_2" />
      </pad>
    </pin>
    <pin number="24" name="P3[6]">
      <pad name="P3[6]" number="68" type="GPIO" portId="3" pinId="6" ioSupplyPin="VDDIO" capabilities="0x000000D000000017">
        <ffbterm ffbtype="TCPWM" ffbid="3" term="line" />
        <ffbterm ffbtype="LCD" ffbid="0" term="com" wire="30" />
        <ffbterm ffbtype="LCD" ffbid="0" term="seg" wire="30" />
        <ffbterm ffbtype="SCB" ffbid="1" term="spi_select" wire="3" />
        <ffbterm ffbtype="SCB" ffbid="1" term="select_m" wire="0" resource="spi_select_3" />
        <ffbterm ffbtype="SCB" ffbid="1" term="select_m" wire="1" resource="spi_select_3" />
        <ffbterm ffbtype="SCB" ffbid="1" term="select_m" wire="2" resource="spi_select_3" />
        <ffbterm ffbtype="SCB" ffbid="1" term="select_m" wire="3" resource="spi_select_3" />
      </pad>
    </pin>
    <pin number="25" name="P3[7]">
      <pad name="P3[7]" number="69" type="GPIO" portId="3" pinId="7" ioSupplyPin="VDDIO" capabilities="0x000000D000000017">
        <ffbterm ffbtype="TCPWM" ffbid="3" term="line_compl" />
        <ffbterm ffbtype="LCD" ffbid="0" term="com" wire="31" />
        <ffbterm ffbtype="LCD" ffbid="0" term="seg" wire="31" />
      </pad>
    </pin>
    <pin number="26" name="VDDIO">
      <pad name="VDDIO_1" number="70" type="PWR" ioSupplyPin="VDDIO" powerPadNames="VDDIO_1" capabilities="0x0000000000000000" />
      <pad name="VDDIO_2" number="71" type="PWR" ioSupplyPin="VDDIO" powerPadNames="VDDIO_2" capabilities="0x0000000000000000" />
    </pin>
    <pin number="27" name="P4[0]">
      <pad name="P4[0]" number="72" type="GPIO" portId="4" pinId="0" ioSupplyPin="VDDIO" capabilities="0x000000D000000013">
        <ffbterm ffbtype="SCB" ffbid="0" term="uart_rx" />
        <ffbterm ffbtype="CAN" ffbid="0" term="can_rx" alternative="1" />
        <ffbterm ffbtype="LCD" ffbid="0" term="com" wire="32" />
        <ffbterm ffbtype="LCD" ffbid="0" term="seg" wire="32" />
        <ffbterm ffbtype="SCB" ffbid="0" term="i2c_scl" alternative="1" />
        <ffbterm ffbtype="SCB" ffbid="0" term="spi_mosi" />
        <ffbterm ffbtype="SCB" ffbid="0" term="mosi_m" />
        <ffbterm ffbtype="SCB" ffbid="0" term="mosi_s" />
      </pad>
    </pin>
    <pin number="28" name="P4[1]">
      <pad name="P4[1]" number="73" type="GPIO" portId="4" pinId="1" ioSupplyPin="VDDIO" capabilities="0x000000D000000013">
        <ffbterm ffbtype="SCB" ffbid="0" term="uart_tx" />
        <ffbterm ffbtype="CAN" ffbid="0" term="can_tx" alternative="1" />
        <ffbterm ffbtype="LCD" ffbid="0" term="com" wire="33" />
        <ffbterm ffbtype="LCD" ffbid="0" term="seg" wire="33" />
        <ffbterm ffbtype="SCB" ffbid="0" term="i2c_sda" alternative="1" />
        <ffbterm ffbtype="SCB" ffbid="0" term="spi_miso" />
        <ffbterm ffbtype="SCB" ffbid="0" term="miso_m" />
        <ffbterm ffbtype="SCB" ffbid="0" term="miso_s" />
      </pad>
    </pin>
    <pin number="29" name="P4[2]">
      <pad name="P4[2]" number="74" type="GPIO" portId="4" pinId="2" ioSupplyPin="VDDIO" capabilities="0x000002D000000013">
        <ffbterm ffbtype="SCB" ffbid="0" term="uart_cts" />
        <ffbterm ffbtype="CAN" ffbid="0" term="can_tx_en" alternative="1" />
        <ffbterm ffbtype="LCD" ffbid="0" term="com" wire="34" />
        <ffbterm ffbtype="LCD" ffbid="0" term="seg" wire="34" />
        <ffbterm ffbtype="LPCOMP" ffbid="0" term="cmpout" />
        <ffbterm ffbtype="SCB" ffbid="0" term="spi_clk" />
        <ffbterm ffbtype="SCB" ffbid="0" term="sclk_m" />
        <ffbterm ffbtype="SCB" ffbid="0" term="sclk_s" />
        <ffbterm ffbtype="CSD" ffbid="0" term="cmod" />
      </pad>
    </pin>
    <pin number="30" name="P4[3]">
      <pad name="P4[3]" number="75" type="GPIO" portId="4" pinId="3" ioSupplyPin="VDDIO" capabilities="0x000001D000000013">
        <ffbterm ffbtype="SCB" ffbid="0" term="uart_rts" />
        <ffbterm ffbtype="LCD" ffbid="0" term="com" wire="35" />
        <ffbterm ffbtype="LCD" ffbid="0" term="seg" wire="35" />
        <ffbterm ffbtype="LPCOMP" ffbid="1" term="cmpout" />
        <ffbterm ffbtype="SCB" ffbid="0" term="spi_select" wire="0" />
        <ffbterm ffbtype="SCB" ffbid="0" term="select_m" wire="0" resource="spi_select_0" />
        <ffbterm ffbtype="SCB" ffbid="0" term="select_m" wire="1" resource="spi_select_0" />
        <ffbterm ffbtype="SCB" ffbid="0" term="select_m" wire="2" resource="spi_select_0" />
        <ffbterm ffbtype="SCB" ffbid="0" term="select_m" wire="3" resource="spi_select_0" />
        <ffbterm ffbtype="SCB" ffbid="0" term="select_s" resource="spi_select_0" />
        <ffbterm ffbtype="CSD" ffbid="0" term="csh" />
      </pad>
    </pin>
    <pin number="31" name="P4[4]">
      <pad name="P4[4]" number="76" type="GPIO" portId="4" pinId="4" ioSupplyPin="VDDIO" capabilities="0x000000D000000013">
        <ffbterm ffbtype="CAN" ffbid="1" term="can_tx_en" alternative="1" />
        <ffbterm ffbtype="LCD" ffbid="0" term="com" wire="36" />
        <ffbterm ffbtype="LCD" ffbid="0" term="seg" wire="36" />
        <ffbterm ffbtype="SCB" ffbid="0" term="spi_select" wire="1" alternative="2" />
        <ffbterm ffbtype="SCB" ffbid="0" term="select_m" wire="0" alternative="2" resource="spi_select_1" />
        <ffbterm ffbtype="SCB" ffbid="0" term="select_m" wire="1" alternative="2" resource="spi_select_1" />
        <ffbterm ffbtype="SCB" ffbid="0" term="select_m" wire="2" alternative="2" resource="spi_select_1" />
        <ffbterm ffbtype="SCB" ffbid="0" term="select_m" wire="3" alternative="2" resource="spi_select_1" />
      </pad>
    </pin>
    <pin number="32" name="P4[5]">
      <pad name="P4[5]" number="77" type="GPIO" portId="4" pinId="5" ioSupplyPin="VDDIO" capabilities="0x000000D000000013">
        <ffbterm ffbtype="CAN" ffbid="1" term="can_rx" alternative="1" />
        <ffbterm ffbtype="LCD" ffbid="0" term="com" wire="37" />
        <ffbterm ffbtype="LCD" ffbid="0" term="seg" wire="37" />
        <ffbterm ffbtype="SCB" ffbid="0" term="spi_select" wire="2" alternative="2" />
        <ffbterm ffbtype="SCB" ffbid="0" term="select_m" wire="0" alternative="2" resource="spi_select_2" />
        <ffbterm ffbtype="SCB" ffbid="0" term="select_m" wire="1" alternative="2" resource="spi_select_2" />
        <ffbterm ffbtype="SCB" ffbid="0" term="select_m" wire="2" alternative="2" resource="spi_select_2" />
        <ffbterm ffbtype="SCB" ffbid="0" term="select_m" wire="3" alternative="2" resource="spi_select_2" />
      </pad>
    </pin>
    <pin number="33" name="P4[6]">
      <pad name="P4[6]" number="78" type="GPIO" portId="4" pinId="6" ioSupplyPin="VDDIO" capabilities="0x000000D000000013">
        <ffbterm ffbtype="CAN" ffbid="1" term="can_tx" alternative="1" />
        <ffbterm ffbtype="LCD" ffbid="0" term="com" wire="38" />
        <ffbterm ffbtype="LCD" ffbid="0" term="seg" wire="38" />
        <ffbterm ffbtype="SCB" ffbid="0" term="spi_select" wire="3" alternative="2" />
        <ffbterm ffbtype="SCB" ffbid="0" term="select_m" wire="0" alternative="2" resource="spi_select_3" />
        <ffbterm ffbtype="SCB" ffbid="0" term="select_m" wire="1" alternative="2" resource="spi_select_3" />
        <ffbterm ffbtype="SCB" ffbid="0" term="select_m" wire="2" alternative="2" resource="spi_select_3" />
        <ffbterm ffbtype="SCB" ffbid="0" term="select_m" wire="3" alternative="2" resource="spi_select_3" />
      </pad>
    </pin>
    <pin number="34" name="n/c" />
    <pin number="35" name="n/c" />
    <pin number="36" name="n/c" />
    <pin number="37" name="P7[0]">
      <pad name="P7[0]" number="81" type="GPIO" portId="7" pinId="0" ioSupplyPin="VDDD" capabilities="0x000000D000000013">
        <ffbterm ffbtype="TCPWM" ffbid="0" term="line" alternative="2" />
        <ffbterm ffbtype="SCB" ffbid="3" term="uart_rx" alternative="1" />
        <ffbterm ffbtype="LCD" ffbid="0" term="com" wire="54" />
        <ffbterm ffbtype="LCD" ffbid="0" term="seg" wire="54" />
        <ffbterm ffbtype="SCB" ffbid="3" term="i2c_scl" alternative="1" />
        <ffbterm ffbtype="SCB" ffbid="3" term="spi_mosi" alternative="1" />
        <ffbterm ffbtype="SCB" ffbid="3" term="mosi_m" alternative="1" />
        <ffbterm ffbtype="SCB" ffbid="3" term="mosi_s" alternative="1" />
      </pad>
    </pin>
    <pin number="38" name="P7[1]">
      <pad name="P7[1]" number="82" type="GPIO" portId="7" pinId="1" ioSupplyPin="VDDD" capabilities="0x000000D000000013">
        <ffbterm ffbtype="TCPWM" ffbid="0" term="line_compl" alternative="2" />
        <ffbterm ffbtype="SCB" ffbid="3" term="uart_tx" alternative="1" />
        <ffbterm ffbtype="LCD" ffbid="0" term="com" wire="55" />
        <ffbterm ffbtype="LCD" ffbid="0" term="seg" wire="55" />
        <ffbterm ffbtype="SCB" ffbid="3" term="i2c_sda" alternative="1" />
        <ffbterm ffbtype="SCB" ffbid="3" term="spi_miso" alternative="1" />
        <ffbterm ffbtype="SCB" ffbid="3" term="miso_m" alternative="1" />
        <ffbterm ffbtype="SCB" ffbid="3" term="miso_s" alternative="1" />
      </pad>
    </pin>
    <pin number="39" name="P0[0]">
      <pad name="P0[0]" number="1" type="GPIO" portId="0" pinId="0" ioSupplyPin="VDDD" capabilities="0x000000D000000017">
        <ffbterm ffbtype="CAN" ffbid="1" term="can_rx" />
        <ffbterm ffbtype="LCD" ffbid="0" term="com" wire="0" />
        <ffbterm ffbtype="LCD" ffbid="0" term="seg" wire="0" />
        <ffbterm ffbtype="SCB" ffbid="0" term="spi_select" wire="1" />
        <ffbterm ffbtype="SCB" ffbid="0" term="select_m" wire="0" resource="spi_select_1" />
        <ffbterm ffbtype="SCB" ffbid="0" term="select_m" wire="1" resource="spi_select_1" />
        <ffbterm ffbtype="SCB" ffbid="0" term="select_m" wire="2" resource="spi_select_1" />
        <ffbterm ffbtype="SCB" ffbid="0" term="select_m" wire="3" resource="spi_select_1" />
        <ffbterm ffbtype="LPCOMP" ffbid="0" term="vplus" />
      </pad>
    </pin>
    <pin number="40" name="P0[1]">
      <pad name="P0[1]" number="2" type="GPIO" portId="0" pinId="1" ioSupplyPin="VDDD" capabilities="0x000000D000000017">
        <ffbterm ffbtype="CAN" ffbid="1" term="can_tx" />
        <ffbterm ffbtype="LCD" ffbid="0" term="com" wire="1" />
        <ffbterm ffbtype="LCD" ffbid="0" term="seg" wire="1" />
        <ffbterm ffbtype="SCB" ffbid="0" term="spi_select" wire="2" />
        <ffbterm ffbtype="SCB" ffbid="0" term="select_m" wire="0" resource="spi_select_2" />
        <ffbterm ffbtype="SCB" ffbid="0" term="select_m" wire="1" resource="spi_select_2" />
        <ffbterm ffbtype="SCB" ffbid="0" term="select_m" wire="2" resource="spi_select_2" />
        <ffbterm ffbtype="SCB" ffbid="0" term="select_m" wire="3" resource="spi_select_2" />
        <ffbterm ffbtype="LPCOMP" ffbid="0" term="vminus" />
      </pad>
    </pin>
    <pin number="41" name="P0[2]">
      <pad name="P0[2]" number="3" type="GPIO" portId="0" pinId="2" ioSupplyPin="VDDD" capabilities="0x000000D000000017">
        <ffbterm ffbtype="LCD" ffbid="0" term="com" wire="2" />
        <ffbterm ffbtype="LCD" ffbid="0" term="seg" wire="2" />
        <ffbterm ffbtype="SCB" ffbid="0" term="spi_select" wire="3" />
        <ffbterm ffbtype="SCB" ffbid="0" term="select_m" wire="0" resource="spi_select_3" />
        <ffbterm ffbtype="SCB" ffbid="0" term="select_m" wire="1" resource="spi_select_3" />
        <ffbterm ffbtype="SCB" ffbid="0" term="select_m" wire="2" resource="spi_select_3" />
        <ffbterm ffbtype="SCB" ffbid="0" term="select_m" wire="3" resource="spi_select_3" />
        <ffbterm ffbtype="LPCOMP" ffbid="1" term="vplus" />
      </pad>
    </pin>
    <pin number="42" name="P0[3]">
      <pad name="P0[3]" number="4" type="GPIO" portId="0" pinId="3" ioSupplyPin="VDDD" capabilities="0x000000D000000017">
        <ffbterm ffbtype="LCD" ffbid="0" term="com" wire="3" />
        <ffbterm ffbtype="LCD" ffbid="0" term="seg" wire="3" />
        <ffbterm ffbtype="LPCOMP" ffbid="1" term="vminus" />
      </pad>
    </pin>
    <pin number="43" name="P0[4]">
      <pad name="P0[4]" number="5" type="GPIO" portId="0" pinId="4" ioSupplyPin="VDDD" capabilities="0x000000D008000017">
        <ffbterm ffbtype="SCB" ffbid="1" term="uart_rx" />
        <ffbterm ffbtype="LCD" ffbid="0" term="com" wire="4" />
        <ffbterm ffbtype="LCD" ffbid="0" term="seg" wire="4" />
        <ffbterm ffbtype="SCB" ffbid="1" term="i2c_scl" />
        <ffbterm ffbtype="SCB" ffbid="1" term="spi_mosi" alternative="1" />
        <ffbterm ffbtype="SCB" ffbid="1" term="mosi_m" alternative="1" />
        <ffbterm ffbtype="SCB" ffbid="1" term="mosi_s" alternative="1" />
        <ffbterm ffbtype="WCO" ffbid="0" term="wco_in" />
      </pad>
    </pin>
    <pin number="44" name="P0[5]">
      <pad name="P0[5]" number="6" type="GPIO" portId="0" pinId="5" ioSupplyPin="VDDD" capabilities="0x000000D004000017">
        <ffbterm ffbtype="SCB" ffbid="1" term="uart_tx" />
        <ffbterm ffbtype="LCD" ffbid="0" term="com" wire="5" />
        <ffbterm ffbtype="LCD" ffbid="0" term="seg" wire="5" />
        <ffbterm ffbtype="SCB" ffbid="1" term="i2c_sda" />
        <ffbterm ffbtype="SCB" ffbid="1" term="spi_miso" alternative="1" />
        <ffbterm ffbtype="SCB" ffbid="1" term="miso_m" alternative="1" />
        <ffbterm ffbtype="SCB" ffbid="1" term="miso_s" alternative="1" />
        <ffbterm ffbtype="WCO" ffbid="0" term="wco_out" />
      </pad>
    </pin>
    <pin number="45" name="P0[6]">
      <pad name="P0[6]" number="7" type="GPIO" portId="0" pinId="6" ioSupplyPin="VDDD" capabilities="0x000000D400000017">
        <ffbterm ffbtype="SRSS" ffbid="0" term="ext_clk" />
        <ffbterm ffbtype="SCB" ffbid="1" term="uart_cts" />
        <ffbterm ffbtype="LCD" ffbid="0" term="com" wire="6" />
        <ffbterm ffbtype="LCD" ffbid="0" term="seg" wire="6" />
        <ffbterm ffbtype="SCB" ffbid="1" term="spi_clk" alternative="1" />
        <ffbterm ffbtype="SCB" ffbid="1" term="sclk_m" alternative="1" />
        <ffbterm ffbtype="SCB" ffbid="1" term="sclk_s" alternative="1" />
      </pad>
    </pin>
    <pin number="46" name="P0[7]">
      <pad name="P0[7]" number="8" type="GPIO" portId="0" pinId="7" ioSupplyPin="VDDD" capabilities="0x000000D000040017">
        <ffbterm ffbtype="SCB" ffbid="1" term="uart_rts" />
        <ffbterm ffbtype="CAN" ffbid="1" term="can_tx_en" />
        <ffbterm ffbtype="LCD" ffbid="0" term="com" wire="7" />
        <ffbterm ffbtype="LCD" ffbid="0" term="seg" wire="7" />
        <ffbterm ffbtype="SRSS" ffbid="0" term="wakeup" />
        <ffbterm ffbtype="SCB" ffbid="1" term="spi_select" wire="0" alternative="1" />
        <ffbterm ffbtype="SCB" ffbid="1" term="select_m" wire="0" alternative="1" resource="spi_select_0" />
        <ffbterm ffbtype="SCB" ffbid="1" term="select_m" wire="1" alternative="1" resource="spi_select_0" />
        <ffbterm ffbtype="SCB" ffbid="1" term="select_m" wire="2" alternative="1" resource="spi_select_0" />
        <ffbterm ffbtype="SCB" ffbid="1" term="select_m" wire="3" alternative="1" resource="spi_select_0" />
        <ffbterm ffbtype="SCB" ffbid="1" term="select_s" alternative="1" resource="spi_select_0" />
      </pad>
    </pin>
    <pin number="47" name="XRES">
      <pad name="XRES" number="9" type="DEDICATED" ioSupplyPin="VDDD" capabilities="0x0000000000000000" />
    </pin>
    <pin number="48" name="VCCD">
      <pad name="VCCQ_CSD" number="10" type="PWR" ioSupplyPin="VDDD" powerPadNames="VCCQ_CSD" capabilities="0x0000000000000000" />
      <pad name="VCCD_0" number="11" type="PWR" ioSupplyPin="VDDD" powerPadNames="VCCD_0" capabilities="0x0000000000000000" />
      <pad name="VCCD_1" number="12" type="PWR" ioSupplyPin="VDDD" powerPadNames="VCCD_1" capabilities="0x0000000000000000" />
    </pin>
    <pin number="49" name="VSSD">
      <pad name="VSSD_0" number="13" type="GND" ioSupplyPin="VDDD" powerPadNames="VSSD_0" capabilities="0x0000000000000000" />
    </pin>
    <pin number="50" name="VDDD">
      <pad name="VDDD_0" number="14" type="PWR" ioSupplyPin="VDDD" powerPadNames="VDDD_0" capabilities="0x0000000000000000" />
      <pad name="VDDD_1" number="15" type="PWR" ioSupplyPin="VDDD" powerPadNames="VDDD_1" capabilities="0x0000000000000000" />
    </pin>
    <pin number="51" name="P5[0]">
      <pad name="P5[0]" number="18" type="GPIO" portId="5" pinId="0" ioSupplyPin="VDDIO_A" capabilities="0x000002D000000213">
        <ffbterm ffbtype="TCPWM" ffbid="4" term="line" alternative="2" />
        <ffbterm ffbtype="SCB" ffbid="2" term="uart_rx" />
        <ffbterm ffbtype="LCD" ffbid="0" term="com" wire="40" />
        <ffbterm ffbtype="LCD" ffbid="0" term="seg" wire="40" />
        <ffbterm ffbtype="SCB" ffbid="2" term="i2c_scl" />
        <ffbterm ffbtype="SCB" ffbid="2" term="spi_mosi" />
        <ffbterm ffbtype="SCB" ffbid="2" term="mosi_m" />
        <ffbterm ffbtype="SCB" ffbid="2" term="mosi_s" />
        <ffbterm ffbtype="OA" ffbid="2" term="vplus" />
        <ffbterm ffbtype="CSD" ffbid="1" term="cmod" />
      </pad>
    </pin>
    <pin number="52" name="P5[1]">
      <pad name="P5[1]" number="19" type="GPIO" portId="5" pinId="1" ioSupplyPin="VDDIO_A" capabilities="0x000001D000000813">
        <ffbterm ffbtype="TCPWM" ffbid="4" term="line_compl" alternative="2" />
        <ffbterm ffbtype="SCB" ffbid="2" term="uart_tx" />
        <ffbterm ffbtype="LCD" ffbid="0" term="com" wire="41" />
        <ffbterm ffbtype="LCD" ffbid="0" term="seg" wire="41" />
        <ffbterm ffbtype="SCB" ffbid="2" term="i2c_sda" />
        <ffbterm ffbtype="SCB" ffbid="2" term="spi_miso" />
        <ffbterm ffbtype="SCB" ffbid="2" term="miso_m" />
        <ffbterm ffbtype="SCB" ffbid="2" term="miso_s" />
        <ffbterm ffbtype="OA" ffbid="2" term="vminus" />
        <ffbterm ffbtype="CSD" ffbid="1" term="csh" />
      </pad>
    </pin>
    <pin number="53" name="P5[2]">
      <pad name="P5[2]" number="20" type="GPIO" portId="5" pinId="2" ioSupplyPin="VDDIO_A" capabilities="0x000000D000000413">
        <ffbterm ffbtype="TCPWM" ffbid="5" term="line" alternative="2" />
        <ffbterm ffbtype="SCB" ffbid="2" term="uart_cts" />
        <ffbterm ffbtype="LCD" ffbid="0" term="com" wire="42" />
        <ffbterm ffbtype="LCD" ffbid="0" term="seg" wire="42" />
        <ffbterm ffbtype="LPCOMP" ffbid="0" term="cmpout" alternative="1" />
        <ffbterm ffbtype="SCB" ffbid="2" term="spi_clk" />
        <ffbterm ffbtype="SCB" ffbid="2" term="sclk_m" />
        <ffbterm ffbtype="SCB" ffbid="2" term="sclk_s" />
        <ffbterm ffbtype="OA" ffbid="2" term="vout10" />
      </pad>
    </pin>
    <pin number="54" name="P5[3]">
      <pad name="P5[3]" number="21" type="GPIO" portId="5" pinId="3" ioSupplyPin="VDDIO_A" capabilities="0x000000D000000413">
        <ffbterm ffbtype="TCPWM" ffbid="5" term="line_compl" alternative="2" />
        <ffbterm ffbtype="SCB" ffbid="2" term="uart_rts" />
        <ffbterm ffbtype="LCD" ffbid="0" term="com" wire="43" />
        <ffbterm ffbtype="LCD" ffbid="0" term="seg" wire="43" />
        <ffbterm ffbtype="LPCOMP" ffbid="1" term="cmpout" alternative="1" />
        <ffbterm ffbtype="SCB" ffbid="2" term="spi_select" wire="0" />
        <ffbterm ffbtype="SCB" ffbid="2" term="select_m" wire="0" resource="spi_select_0" />
        <ffbterm ffbtype="SCB" ffbid="2" term="select_m" wire="1" resource="spi_select_0" />
        <ffbterm ffbtype="SCB" ffbid="2" term="select_m" wire="2" resource="spi_select_0" />
        <ffbterm ffbtype="SCB" ffbid="2" term="select_m" wire="3" resource="spi_select_0" />
        <ffbterm ffbtype="SCB" ffbid="2" term="select_s" resource="spi_select_0" />
        <ffbterm ffbtype="OA" ffbid="3" term="vout10" />
      </pad>
    </pin>
    <pin number="55" name="P5[5]">
      <pad name="P5[5]" number="23" type="GPIO" portId="5" pinId="5" ioSupplyPin="VDDIO_A" capabilities="0x000000D000000213">
        <ffbterm ffbtype="TCPWM" ffbid="6" term="line_compl" alternative="2" />
        <ffbterm ffbtype="LCD" ffbid="0" term="com" wire="45" />
        <ffbterm ffbtype="LCD" ffbid="0" term="seg" wire="45" />
        <ffbterm ffbtype="SCB" ffbid="2" term="spi_select" wire="2" />
        <ffbterm ffbtype="SCB" ffbid="2" term="select_m" wire="0" resource="spi_select_2" />
        <ffbterm ffbtype="SCB" ffbid="2" term="select_m" wire="1" resource="spi_select_2" />
        <ffbterm ffbtype="SCB" ffbid="2" term="select_m" wire="2" resource="spi_select_2" />
        <ffbterm ffbtype="SCB" ffbid="2" term="select_m" wire="3" resource="spi_select_2" />
        <ffbterm ffbtype="OA" ffbid="3" term="vplus" />
      </pad>
    </pin>
    <pin number="56" name="VDDA">
      <pad name="VDDA_0" number="26" type="PWR" ioSupplyPin="VDDIO_A" powerPadNames="VDDA_0" capabilities="0x0000000000000000" />
      <pad name="VDDA_CTB" number="27" type="PWR" ioSupplyPin="VDDIO_A" powerPadNames="VDDA_CTB" capabilities="0x0000000000000000" />
    </pin>
    <pin number="57" name="VSSA">
      <pad name="VSSA_CTB" number="28" type="GND" ioSupplyPin="VDDIO_A" powerPadNames="VSSA_CTB" capabilities="0x0000000000000000" />
      <pad name="VSUB_ANA_0" number="29" type="GND" ioSupplyPin="VDDIO_A" powerPadNames="VSUB_ANA_0" capabilities="0x0000000000000000" />
      <pad name="VSSA_0" number="30" type="GND" ioSupplyPin="VDDIO_A" powerPadNames="VSSA_0" capabilities="0x0000000000000000" />
    </pin>
    <pin number="58" name="P1[0]">
      <pad name="P1[0]" number="31" type="GPIO" portId="1" pinId="0" ioSupplyPin="VDDIO_A" capabilities="0x000000D000000217">
        <ffbterm ffbtype="TCPWM" ffbid="2" term="line" alternative="1" />
        <ffbterm ffbtype="SCB" ffbid="0" term="uart_rx" alternative="1" />
        <ffbterm ffbtype="LCD" ffbid="0" term="com" wire="8" />
        <ffbterm ffbtype="LCD" ffbid="0" term="seg" wire="8" />
        <ffbterm ffbtype="SCB" ffbid="0" term="i2c_scl" />
        <ffbterm ffbtype="SCB" ffbid="0" term="spi_mosi" alternative="1" />
        <ffbterm ffbtype="SCB" ffbid="0" term="mosi_m" alternative="1" />
        <ffbterm ffbtype="SCB" ffbid="0" term="mosi_s" alternative="1" />
        <ffbterm ffbtype="OA" ffbid="0" term="vplus" />
      </pad>
    </pin>
    <pin number="59" name="P1[1]">
      <pad name="P1[1]" number="32" type="GPIO" portId="1" pinId="1" ioSupplyPin="VDDIO_A" capabilities="0x000000D000000817">
        <ffbterm ffbtype="TCPWM" ffbid="2" term="line_compl" alternative="1" />
        <ffbterm ffbtype="SCB" ffbid="0" term="uart_tx" alternative="1" />
        <ffbterm ffbtype="LCD" ffbid="0" term="com" wire="9" />
        <ffbterm ffbtype="LCD" ffbid="0" term="seg" wire="9" />
        <ffbterm ffbtype="SCB" ffbid="0" term="i2c_sda" />
        <ffbterm ffbtype="SCB" ffbid="0" term="spi_miso" alternative="1" />
        <ffbterm ffbtype="SCB" ffbid="0" term="miso_m" alternative="1" />
        <ffbterm ffbtype="SCB" ffbid="0" term="miso_s" alternative="1" />
        <ffbterm ffbtype="OA" ffbid="0" term="vminus" />
      </pad>
    </pin>
    <pin number="60" name="P1[2]">
      <pad name="P1[2]" number="33" type="GPIO" portId="1" pinId="2" ioSupplyPin="VDDIO_A" capabilities="0x000000D000000417">
        <ffbterm ffbtype="TCPWM" ffbid="3" term="line" alternative="1" />
        <ffbterm ffbtype="SCB" ffbid="0" term="uart_cts" alternative="1" />
        <ffbterm ffbtype="LCD" ffbid="0" term="com" wire="10" />
        <ffbterm ffbtype="LCD" ffbid="0" term="seg" wire="10" />
        <ffbterm ffbtype="SCB" ffbid="0" term="spi_clk" alternative="1" />
        <ffbterm ffbtype="SCB" ffbid="0" term="sclk_m" alternative="1" />
        <ffbterm ffbtype="SCB" ffbid="0" term="sclk_s" alternative="1" />
        <ffbterm ffbtype="OA" ffbid="0" term="vout10" />
      </pad>
    </pin>
    <pin number="61" name="P1[3]">
      <pad name="P1[3]" number="34" type="GPIO" portId="1" pinId="3" ioSupplyPin="VDDIO_A" capabilities="0x000000D000000417">
        <ffbterm ffbtype="TCPWM" ffbid="3" term="line_compl" alternative="1" />
        <ffbterm ffbtype="SCB" ffbid="0" term="uart_rts" alternative="1" />
        <ffbterm ffbtype="LCD" ffbid="0" term="com" wire="11" />
        <ffbterm ffbtype="LCD" ffbid="0" term="seg" wire="11" />
        <ffbterm ffbtype="SCB" ffbid="0" term="spi_select" wire="0" alternative="1" />
        <ffbterm ffbtype="SCB" ffbid="0" term="select_m" wire="0" alternative="1" resource="spi_select_0" />
        <ffbterm ffbtype="SCB" ffbid="0" term="select_m" wire="1" alternative="1" resource="spi_select_0" />
        <ffbterm ffbtype="SCB" ffbid="0" term="select_m" wire="2" alternative="1" resource="spi_select_0" />
        <ffbterm ffbtype="SCB" ffbid="0" term="select_m" wire="3" alternative="1" resource="spi_select_0" />
        <ffbterm ffbtype="SCB" ffbid="0" term="select_s" alternative="1" resource="spi_select_0" />
        <ffbterm ffbtype="OA" ffbid="1" term="vout10" />
      </pad>
    </pin>
    <pin number="62" name="P1[4]">
      <pad name="P1[4]" number="35" type="GPIO" portId="1" pinId="4" ioSupplyPin="VDDIO_A" capabilities="0x000000D000000817">
        <ffbterm ffbtype="TCPWM" ffbid="6" term="line" alternative="1" />
        <ffbterm ffbtype="LCD" ffbid="0" term="com" wire="12" />
        <ffbterm ffbtype="LCD" ffbid="0" term="seg" wire="12" />
        <ffbterm ffbtype="SCB" ffbid="0" term="spi_select" wire="1" alternative="1" />
        <ffbterm ffbtype="SCB" ffbid="0" term="select_m" wire="0" alternative="1" resource="spi_select_1" />
        <ffbterm ffbtype="SCB" ffbid="0" term="select_m" wire="1" alternative="1" resource="spi_select_1" />
        <ffbterm ffbtype="SCB" ffbid="0" term="select_m" wire="2" alternative="1" resource="spi_select_1" />
        <ffbterm ffbtype="SCB" ffbid="0" term="select_m" wire="3" alternative="1" resource="spi_select_1" />
        <ffbterm ffbtype="OA" ffbid="1" term="vminus" />
      </pad>
    </pin>
    <pin number="63" name="P1[5]">
      <pad name="P1[5]" number="36" type="GPIO" portId="1" pinId="5" ioSupplyPin="VDDIO_A" capabilities="0x000000D000000217">
        <ffbterm ffbtype="TCPWM" ffbid="6" term="line_compl" alternative="1" />
        <ffbterm ffbtype="LCD" ffbid="0" term="com" wire="13" />
        <ffbterm ffbtype="LCD" ffbid="0" term="seg" wire="13" />
        <ffbterm ffbtype="SCB" ffbid="0" term="spi_select" wire="2" alternative="1" />
        <ffbterm ffbtype="SCB" ffbid="0" term="select_m" wire="0" alternative="1" resource="spi_select_2" />
        <ffbterm ffbtype="SCB" ffbid="0" term="select_m" wire="1" alternative="1" resource="spi_select_2" />
        <ffbterm ffbtype="SCB" ffbid="0" term="select_m" wire="2" alternative="1" resource="spi_select_2" />
        <ffbterm ffbtype="SCB" ffbid="0" term="select_m" wire="3" alternative="1" resource="spi_select_2" />
        <ffbterm ffbtype="OA" ffbid="1" term="vplus" />
      </pad>
    </pin>
    <pin number="64" name="P1[6]">
      <pad name="P1[6]" number="37" type="GPIO" portId="1" pinId="6" ioSupplyPin="VDDIO_A" capabilities="0x000000D000000217">
        <ffbterm ffbtype="TCPWM" ffbid="7" term="line" alternative="1" />
        <ffbterm ffbtype="LCD" ffbid="0" term="com" wire="14" />
        <ffbterm ffbtype="LCD" ffbid="0" term="seg" wire="14" />
        <ffbterm ffbtype="SCB" ffbid="0" term="spi_select" wire="3" alternative="1" />
        <ffbterm ffbtype="SCB" ffbid="0" term="select_m" wire="0" alternative="1" resource="spi_select_3" />
        <ffbterm ffbtype="SCB" ffbid="0" term="select_m" wire="1" alternative="1" resource="spi_select_3" />
        <ffbterm ffbtype="SCB" ffbid="0" term="select_m" wire="2" alternative="1" resource="spi_select_3" />
        <ffbterm ffbtype="SCB" ffbid="0" term="select_m" wire="3" alternative="1" resource="spi_select_3" />
        <ffbterm ffbtype="OA" ffbid="0" term="vplus" />
      </pad>
    </pin>
  </pins>
</pindata>